{"inputs":[["0020000000000000000000000000000000000000000000000000000000000000"],["6616000000000000000000000000000000000000000000000000000000000000"],["0020000000000000000000000000000000000000000000000000000000000000"],["0020000000000000000000000000000000000000000000000000000000000000"]],"pretty_elements":{"rescaled_inputs":[["1"],["0.699951171875"],["1"],["1"]],"inputs":[["0x0000000000000000000000000000000000000000000000000000000000002000"],["0x0000000000000000000000000000000000000000000000000000000000001666"],["0x0000000000000000000000000000000000000000000000000000000000002000"],["0x0000000000000000000000000000000000000000000000000000000000002000"]],"processed_inputs":[],"processed_params":[],"processed_outputs":[],"rescaled_outputs":[["0.7599462866783142"]],"outputs":[["0x0000000000000000000000000000000000000000000000018517ae0000000000"]]},"outputs":[["0000000000ae1785010000000000000000000000000000000000000000000000"]],"processed_inputs":null,"processed_params":null,"processed_outputs":null,"max_lookup_inputs":0,"min_lookup_inputs":0,"max_range_size":0}